url,rating,reviews
https://www.falabella.com.pe/falabella-pe/product/19994504/Fotoprotector-Fusion-Water-Magic-Isdin/19994504,4.7565,193
https://www.falabella.com.pe/falabella-pe/product/prod17892040/Sombrilla-De-Playa-Doo-Australia-Uv+30/883168280,3.0,2
https://www.falabella.com.pe/falabella-pe/product/16416899/ISDIN-Fotoprotector-Fusion-Water-Color-MEDIUM-SPF50-50ML-Bloqueador-solar-facial-con-color-Oil-Control/16416899,4.8399,1012
https://www.falabella.com.pe/falabella-pe/product/16416879/ISDIN-FotoUltra-Age-Repair-SPF50-50ML-Bloqueador-solar-facial-con-triple-accion-antiedad/16416879,4.866,485
https://www.falabella.com.pe/falabella-pe/product/16434666/Protector-Solar-Anthelios-UVMune-400-Oil-Control-Toque-Seco-con-Color-FPS-50+-50ml/16434666,4.7212,165
https://www.falabella.com.pe/falabella-pe/product/18514777/ISDIN-FotoUltra-Age-Repair-COLOR-SPF50-50ML-Bloqueador-solar-facial-con-color-y-antiedad/18514777,4.7826,138
https://www.falabella.com.pe/falabella-pe/product/882131725/Piscina-Pro-Rattan-3.66x1m/882131725,4.6222,45
https://www.falabella.com.pe/falabella-pe/product/16434665/Protector-Solar-Anthelios-UVMune-400-Oil-Control-Toque-Seco-FPS-50+-50ml/16434665,4.7108,249
https://www.falabella.com.pe/falabella-pe/product/18788064/Protector-Solar-Anthelios-UVMune-400-Fluido-Invisible-FPS-50+-50ml/18788064,4.7798,109
https://www.falabella.com.pe/falabella-pe/product/19982987/Hawaiian-Tropic-Protector-Solar-Sheer-Touch-Fps50+-120ml/19982987,4.7248,109
https://www.falabella.com.pe/falabella-pe/product/883212154/Gorros-Caps105v25-Sybilla/883212157,5.0,3
https://www.falabella.com.pe/falabella-pe/product/883212068/Salida-De-Bano-Stefano-Cocci/883212070,5.0,2
https://www.falabella.com.pe/falabella-pe/product/17053706/ISDIN-Fotoprotector-Hydrooil-SPF50-200ML-Bloqueador-solar-corporal-bifasico/17053706,4.92,25
https://www.falabella.com.pe/falabella-pe/product/20688005/Fotoprotector-Invisible-Stick-Spf50-10g/20688005,5.0,1
https://www.falabella.com.pe/falabella-pe/product/20659602/Pareo-Basement/20659610,4.5,4
https://www.falabella.com.pe/falabella-pe/product/883237138/Sandalias-Mujer-Doo-Australia-Flipmu-Rosado/883237139,5.0,1
https://www.falabella.com.pe/falabella-pe/product/883215220/Lentes-De-Sol-Sybilla-Montura-Dorada-Y-Lentes-Grises/883215221,5.0,4
https://www.falabella.com.pe/falabella-pe/product/883212125/Gorros-Caps106v25-Sybilla/883212128,4.6667,3
https://www.falabella.com.pe/falabella-pe/product/883212094/Bolso-Sybilla/883212097,5.0,1
https://www.falabella.com.pe/falabella-pe/product/883173449/Salida-De-Bano-Mujer-Sybilla/883173463,4.9474,19
https://www.falabella.com.pe/falabella-pe/product/17909799/Protector-Solar-Facial-Anti-Aging-Proteos-Screen-Spf50+-40-ml/17909799,4.8554,83
https://www.falabella.com.pe/falabella-pe/product/16462207/Photoderm-Ar-Spf50+-30ml.-Bioderma/16462207,4.7407,27
https://www.falabella.com.pe/falabella-pe/product/883174115/Top-Bikini-Mujer-Basement/883174123,4.3529,17
https://www.falabella.com.pe/falabella-pe/product/883215184/Lentes-De-Sol-Sybilla/883215185,3.6667,3
https://www.falabella.com.pe/falabella-pe/product/883173664/Bikini-Mujer-Sybilla/883173668,4.5,2
https://www.falabella.com.pe/falabella-pe/product/18727576/Sun-Bum-Lip-Balm-SPF-30-Granada/18727576,4.0,3
https://www.falabella.com.pe/falabella-pe/product/20509315/Toalla-de-Playa-Poncho-100-Algodon-Spiderman/20509315,5.0,1
https://www.falabella.com.pe/falabella-pe/product/19982983/Set-Hawaiian-Tropic-Protector-Solar-Sheer-Touch-Fps50+-240ml-+-Sensitive-Skin-Facial-Spf50-60ml/19982983,4.7292,48
https://www.falabella.com.pe/falabella-pe/product/18792193/Fotop-Isdin-MineSunBrush-SPF50+-2gr/18792193,4.5098,102
https://www.falabella.com.pe/falabella-pe/product/prod17880053/Toalla-Poncho-100-Algodon-60x120cm-Benetton/883168101,4.4,5
https://www.falabella.com.pe/falabella-pe/product/883212163/Gorro-Sybilla-Estampado-Para-Mujer/883212166,3.0,2
https://www.falabella.com.pe/falabella-pe/product/883212217/Bolso-Sybilla/883212219,5.0,1
https://www.falabella.com.pe/falabella-pe/product/883101392/Polo-UV-Nina-Pack-X2-Yamp/883101395,4.3333,3
https://www.falabella.com.pe/falabella-pe/product/20659587/Pareo-Basement/20659588,0.0,0
https://www.falabella.com.pe/falabella-pe/product/883212221/Gorros-Caps101v25-Sybilla/883212224,0.0,0
https://www.falabella.com.pe/falabella-pe/product/883214895/Salida-De-Bano-Mujer-Basement/883214896,4.8571,7
https://www.falabella.com.pe/falabella-pe/product/18727578/Sun-Bum-Lip-Balm-SPF-30-Mango/18727578,4.3333,6
https://www.falabella.com.pe/falabella-pe/product/883212117/Sombrero-de-playa-Mujer-Sybilla/883212118,5.0,1
https://www.falabella.com.pe/falabella-pe/product/883215188/Lentes-De-Sol-Sybilla-Redondos-Y-Dorados/883215189,5.0,1
https://www.falabella.com.pe/falabella-pe/product/883168113/Toalla-de-Playa-Poncho-Mickey-100-Algodon-Disney/883168113,4.6667,3
https://www.falabella.com.pe/falabella-pe/product/883212235/Gorros-Bus103v25b-Sybilla/883212238,5.0,1
https://www.falabella.com.pe/falabella-pe/product/883212173/Sombrero-de-playa-Mujer-Sybilla/883212174,4.0,5
https://www.falabella.com.pe/falabella-pe/product/20509316/Toalla-de-Playa-Poncho-Rapunzel-Ariel-Moana-100-Algodon-Disney/20509316,5.0,2
https://www.falabella.com.pe/falabella-pe/product/20547062/Top-De-Bikini-Mujer-Womens-Secret/20547064,0.0,0
https://www.falabella.com.pe/falabella-pe/product/882865686/Jarra-Kennedy-Basic/882865686,5.0,2
https://www.falabella.com.pe/falabella-pe/product/883212110/Gorros-Caps104v25-Sybilla/883212113,5.0,1
https://www.falabella.com.pe/falabella-pe/product/883215226/Lentes-De-Sol-Sybilla/883215227,4.75,4
https://www.falabella.com.pe/falabella-pe/product/20509313/Toalla-de-Playa-Infantil-Minnie-100-Algodon-70x140cm/20509313,4.0,1
https://www.falabella.com.pe/falabella-pe/product/883242003/Centro-De-Juego-Jurassic-Splash/883242003,4.0,1
https://www.falabella.com.pe/falabella-pe/product/883215205/Lentes-De-Sol-Sybilla-Negros-Clasicos/883215206,5.0,8
https://www.falabella.com.pe/falabella-pe/product/16416898/ISDIN-Fotoprotector-Hydrolotion-SPF50-200ML-Bloqueador-solar-corporal/16416898,4.7812,32
https://www.falabella.com.pe/falabella-pe/product/883211887/Bolso-Mujer-Basement/883211888,0.0,0
https://www.falabella.com.pe/falabella-pe/product/883246994/Flotador-Con-Techo-Friendly-Fox/883246994,0.0,0
https://www.falabella.com.pe/falabella-pe/product/16416900/Fotop-Pediatrics-Transparent-Spray-Wet-Skin/16416900,4.8571,14
https://www.falabella.com.pe/falabella-pe/product/883236080/Piscina-Pro-Splash-259x170/883236080,5.0,1
https://www.falabella.com.pe/falabella-pe/product/20547032/Calzon-De-Bikini-Mujer-Womens-Secret/20547035,0.0,0
https://www.falabella.com.pe/falabella-pe/product/19982988/Hawaiian-Tropic-Aceite-Bronceador-Argan-Spf6-170g/19982988,5.0,16
https://www.falabella.com.pe/falabella-pe/product/883225270/Traje-De-Bano-Bebe-Nina-Yamp/883225272,4.0,1
https://www.falabella.com.pe/falabella-pe/product/883174359/Bikini-Mujer-Doo-Australia/883174360,0.0,0
https://www.falabella.com.pe/falabella-pe/product/883157548/Bowl-Marino-Hamptons-Melamine-15cm-Basement-Home/883157548,0.0,0
https://www.falabella.com.pe/falabella-pe/product/16202831/ISDIN-Fotoprotector-Transparent-Spray-WET-SKIN-SPF50-250ML-Bloqueador-solar-corporal/16202831,4.6389,36
https://www.falabella.com.pe/falabella-pe/product/883208811/Bikini-Mujer-Sybilla/883208815,4.0,1
https://www.falabella.com.pe/falabella-pe/product/883215244/Lentes-De-Sol-Doo-Australia/883215247,5.0,1
https://www.falabella.com.pe/falabella-pe/product/883174124/Calzon-De-Bikini-Mujer-Basement/883174126,4.7,10
https://www.falabella.com.pe/falabella-pe/product/883217147/Pareo-Dama-Pas100v25s-Sybilla/883217150,4.9091,11
https://www.falabella.com.pe/falabella-pe/product/883223324/Traje-De-Bano-Nino-Doo-Australia/883223325,5.0,1
https://www.falabella.com.pe/falabella-pe/product/883208018/Bikini-Mujer-Doo-Australia/883208021,0.0,0
https://www.falabella.com.pe/falabella-pe/product/18960894/Protector-Solar-Anti-arrugas-Anthelios-Age-Correct-con-Color-FPS-50-50ml/18960894,4.7531,81
https://www.falabella.com.pe/falabella-pe/product/20547042/Calzon-De-Bikini-Mujer-Womens-Secret/20547043,0.0,0
https://www.falabella.com.pe/falabella-pe/product/20509312/Toalla-de-Playa-Infantil-Mickey-100-Algodon-70x140cm/20509312,5.0,1
https://www.falabella.com.pe/falabella-pe/product/883211932/Bolso-Mujer-Basement/883211933,0.0,0
https://www.falabella.com.pe/falabella-pe/product/883163135/Bikini-Mujer-Denimlab/883163138,4.7778,9
https://www.falabella.com.pe/falabella-pe/product/19472876/Colchoneta-Transparente-Deluxe-Bestway/19472876,0.0,0
https://www.falabella.com.pe/falabella-pe/product/883168107/Toalla-de-Playa-Poncho-Stitch-100-Algodon-Disney/883168107,0.0,0
https://www.falabella.com.pe/falabella-pe/product/883236068/Lentes-De-Buceo-Princesas/883236068,5.0,1
https://www.falabella.com.pe/falabella-pe/product/20654834/Fp-Magic-Ped-Fusion-Water-50/20654834,5.0,5
https://www.falabella.com.pe/falabella-pe/product/883231579/Juguete-Set-Balde-Playa-Sapo/883231579,0.0,0
https://www.falabella.com.pe/falabella-pe/product/883211905/Sombrero-de-playa-Mujer-Basement/883211907,3.0,1
https://www.falabella.com.pe/falabella-pe/product/20509314/Toalla-de-Playa-Infantil-Spiderman-100-Algodon-70x140cm/20509314,4.0,1
https://www.falabella.com.pe/falabella-pe/product/18727573/Sun-Bum-Lip-Balm-SPF-30-Banana/18727573,4.0,1
https://www.falabella.com.pe/falabella-pe/product/883174390/Bikini-Mujer-Denimlab/883174391,5.0,1
https://www.falabella.com.pe/falabella-pe/product/883211857/Sombrero-de-playa-Mujer-Basement/883211859,5.0,1
https://www.falabella.com.pe/falabella-pe/product/18728887/Crema-Despigmentante-DSP-Cream-Fps-50+-40-ml-/18728887,4.3333,3
https://www.falabella.com.pe/falabella-pe/product/883216049/Lentes-De-Sol-Basement/883216050,3.0,2
https://www.falabella.com.pe/falabella-pe/product/882131751/Piscina-Pro-Oval-4.88x3.05m/882131751,5.0,3
https://www.falabella.com.pe/falabella-pe/product/883236086/Lentes-De-Buceo-Spiderman/883236086,4.5,2
https://www.falabella.com.pe/falabella-pe/product/882108920/Bowl-Limones-Basement-Home/882108920,4.3636,11
https://www.falabella.com.pe/falabella-pe/product/20659582/Pareo-Basement/20659584,0.0,0
https://www.falabella.com.pe/falabella-pe/product/882642739/Sandalias-Mujer-Doo-Australia-Atrenza3-Ne/883237184,4.6667,6
https://www.falabella.com.pe/falabella-pe/product/20659592/Pareo-Basement/20659594,0.0,0
https://www.falabella.com.pe/falabella-pe/product/20546639/Bolso-De-Playa-Algodon-Mujer-Womens-Secret/20546640,0.0,0
https://www.falabella.com.pe/falabella-pe/product/883174053/Calzon-De-Bikini-Mujer-Basement/883174061,4.6,10
https://www.falabella.com.pe/falabella-pe/product/18960888/Protector-Solar-Anthelios-UVMune-400-Fluido-con-color-FPS-50+-50ml/18960888,4.6881,109
https://www.falabella.com.pe/falabella-pe/product/18962452/ISDIN-Fotoprotector-Fusion-Water-Color-LIGHT-SPF50-50ML-Bloqueador-solar-facial-con-color-Oil-Control/18962452,4.7901,243
https://www.falabella.com.pe/falabella-pe/product/883212104/Sombrero-de-playa-Mujer-Sybilla/883212105,3.0,1
https://www.falabella.com.pe/falabella-pe/product/883174410/Bikini-Mujer-Denimlab/883174412,0.0,0
https://www.falabella.com.pe/falabella-pe/product/16202824/ISDIN-Fotoprotector-Fusion-Fluid-MINERAL-SPF50-50ML-Bloqueador-solar-facial-para-pieles-muy-sensibles/16202824,4.2692,52
https://www.falabella.com.pe/falabella-pe/product/20546959/Calzon-De-Bikini-Mujer-Womens-Secret/20546963,0.0,0
https://www.falabella.com.pe/falabella-pe/product/883212151/Sombrero-de-playa-Mujer-Sybilla/883212152,5.0,1
https://www.falabella.com.pe/falabella-pe/product/883294263/Traje-De-Bano-Nina-Manga-Larga-Yamp/883294264,5.0,2
https://www.falabella.com.pe/falabella-pe/product/883173705/Ropa-De-Bano-Mujer-Sybilla/883173710,5.0,1
https://www.falabella.com.pe/falabella-pe/product/882642816/Sandalias-Mujer-Doo-Australia-Atrenza3-Bl/883237205,3.6667,3
https://www.falabella.com.pe/falabella-pe/product/883220355/Sandalias-Hombre-La-Martina-Facu/883220363,1.0,3
https://www.falabella.com.pe/falabella-pe/product/883237124/Sandalias-Mujer-Doo-Australia-Atrenza-Rosado/883237127,4.75,4
https://www.falabella.com.pe/falabella-pe/product/883237213/Sandalias-Mujer-Doo-Australia-Flipmu/883237218,5.0,4
https://www.falabella.com.pe/falabella-pe/product/883237152/Sandalias-Mujer-Doo-Australia-Flipmu-Negro/883237154,4.6667,3
https://www.falabella.com.pe/falabella-pe/product/17343882/Flotador-Dragon-Fruit-1.71-x-0.89m/17343882,0.0,0
https://www.falabella.com.pe/falabella-pe/product/16595916/Flotadores-Surtidos-De-Animales/16595916,0.0,0
https://www.falabella.com.pe/falabella-pe/product/19472867/Piscina-Inflable-Familia-3.05m-Bestway/19472867,0.0,0
https://www.falabella.com.pe/falabella-pe/product/17343959/Flotador-Fashion-Tucan-2.07-x-1.50m/17343959,0.0,0
https://www.falabella.com.pe/falabella-pe/product/16735856/Colchoneta-Candy-Lounge/16735856,0.0,0
https://www.falabella.com.pe/falabella-pe/product/17343868/Piscina-Fast-Set-3.05-x-0.76m/17343868,0.0,0
https://www.falabella.com.pe/falabella-pe/product/17343886/Flotador-Lima-Tropical-1.71-x-0.89m/17343886,0.0,0
https://www.falabella.com.pe/falabella-pe/product/18959034/Piscina-Estructural-Jacuzzi-Lay-Z-Spa-1.80m-Bahama/18959034,0.0,0
https://www.falabella.com.pe/falabella-pe/product/17343958/Flotador-Fashion-Isla-1.58m/17343958,0.0,0
https://www.falabella.com.pe/falabella-pe/product/14730954/Piscina-Inflable-Familiar-Rectangular/14730954,3.0,1
https://www.falabella.com.pe/falabella-pe/product/17343910/Flotador-Verano-Love-1.98-x-1.37m/17343910,0.0,0
https://www.falabella.com.pe/falabella-pe/product/17792302/Colchoneta-Inflable-Frutas-Bestway/17792302,0.0,0
https://www.falabella.com.pe/falabella-pe/product/17792311/Flotador-Isla-Preciosa-1.85-x-0.98M-Bestway/17792311,0.0,0
https://www.falabella.com.pe/falabella-pe/product/18562767/Piscina-para-ninos-Tres-Anillos-1.70m/18562767,0.0,0
https://www.falabella.com.pe/falabella-pe/product/15140562/Piscina-Inflable-de-Basketball/15140562,0.0,0
https://www.falabella.com.pe/falabella-pe/product/16595891/Flotador-Inflable-Unicornio-/16595891,4.9,10
https://www.falabella.com.pe/falabella-pe/product/19472875/Colchoneta-Transparente-Deluxe-Bestway/19472875,0.0,0
https://www.falabella.com.pe/falabella-pe/product/19263131/Flotador-Para-Montar-Ballena-Bestway/19263131,4.8571,7
https://www.falabella.com.pe/falabella-pe/product/17343903/Flotador-Loro-Peppy-2.03-x-1.32m/17343903,0.0,0
https://www.falabella.com.pe/falabella-pe/product/14730956/Piscina-Inflable-Play-Pool/14730956,0.0,0
https://www.falabella.com.pe/falabella-pe/product/17343892/Flotador-Pop-Llama-1.93-x-1.51m/17343892,5.0,4
https://www.falabella.com.pe/falabella-pe/product/18562752/Flotador-Alpaca-113x109cm/18562752,0.0,0
https://www.falabella.com.pe/falabella-pe/product/19263120/Piscina-Fast-Set-De-1.52M-Cele/19263120,4.5,2
https://www.falabella.com.pe/falabella-pe/product/18959038/Flotador-Batido-Magico-1.85m/18959038,0.0,0
https://www.falabella.com.pe/falabella-pe/product/19472868/Piscina-Interactiva-3D-Aventur-Bestway/19472868,0.0,0
https://www.falabella.com.pe/falabella-pe/product/20734966/Sandalias-Para-Mujer-Havaianas-Sl-Sq-Logo-Met/20734968,0.0,0
https://www.falabella.com.pe/falabella-pe/product/883174329/Bikini-Mujer-Doo-Australia/883174333,0.0,0
https://www.falabella.com.pe/falabella-pe/product/19472849/Cartucho-de-Filtro-2574-Litros-Bestway/19472849,0.0,0
https://www.falabella.com.pe/falabella-pe/product/19263114/Flotador-Para-Montar-Elefante-Bestway/19263114,5.0,1
https://www.falabella.com.pe/falabella-pe/product/18562766/Flotador-Arte-Pop-183x71cm-/18562766,0.0,0
https://www.falabella.com.pe/falabella-pe/product/19162756/Traje-Neopreno-de-Natacion-para-Bebe-Turquesa/19162756,0.0,0
https://www.falabella.com.pe/falabella-pe/product/882520510/Piscina-Estructural-Bestway-300x201x66-Cm/882520510,4.6154,234
https://www.falabella.com.pe/falabella-pe/product/882131765/Piscina-Pro-Oval-6.10x3.66m/882131765,0.0,0
https://www.falabella.com.pe/falabella-pe/product/882514852/Jarra-Acrilico-Lisboa/882514852,4.0,1
https://www.falabella.com.pe/falabella-pe/product/882131753/Piscina-Pro-C-vista-5.49x2.74m/882131753,5.0,4
https://www.falabella.com.pe/falabella-pe/product/883236094/Piscina-Power-Steel-732x366x132cm/883236094,0.0,0
https://www.falabella.com.pe/falabella-pe/product/883157773/Hielera-Kennedy-Basic-Mica/883157773,0.0,0
https://www.falabella.com.pe/falabella-pe/product/19108647/Uriage-Bariesun-Fluido-Mat-SPF50+-50ml-Bloqueador-solar-facial-para-pieles-mixtas-a-grasas/19108647,4.25,4
https://www.falabella.com.pe/falabella-pe/product/20196904/Traje-De-Bano-2-Piezas-Nina-Carters/20196907,0.0,0
https://www.falabella.com.pe/falabella-pe/product/883163859/Bikini-Mujer-University-Club/883163863,0.0,0
https://www.falabella.com.pe/falabella-pe/product/883241995/Sandalias-Mujer-Doo-Australia-Flipmu-Rosado/883241999,5.0,1
https://www.falabella.com.pe/falabella-pe/product/883242696/Gorro-Basement-Casual-Y-Moderno-Para-Mujer/883242697,4.0,1
https://www.falabella.com.pe/falabella-pe/product/883236455/Sandalias-Doo-Australia-Negro-Hombre/883236460,5.0,3
https://www.falabella.com.pe/falabella-pe/product/883237044/Sandalias-Doo-Australia-Gris-Nino-Con-Diseno-De-Videojuegos/883237045,0.0,0
https://www.falabella.com.pe/falabella-pe/product/883173942/Top-De-Bikini-Mujer-Sybilla/883173945,5.0,1
https://www.falabella.com.pe/falabella-pe/product/883211860/Sombrero-Basement-Multicolor-Para-Mujer/883211861,0.0,0
https://www.falabella.com.pe/falabella-pe/product/20659569/Pareo-Basement/20659572,0.0,0
https://www.falabella.com.pe/falabella-pe/product/883173551/Top-De-Bikini-Mujer-Sybilla/883173561,3.0,1
https://www.falabella.com.pe/falabella-pe/product/19416015/Photoderm-Max-Creme-Spf50-T40Ml/19416015,4.0,1
https://www.falabella.com.pe/falabella-pe/product/20659589/Pareo-Basement/20659591,0.0,0
https://www.falabella.com.pe/falabella-pe/product/883233525/Traje-De-Bano-Nina-Yamp/883233527,5.0,1
https://www.falabella.com.pe/falabella-pe/product/883212087/Sombrero-de-playa-Mujer-Sybilla/883212088,0.0,0
https://www.falabella.com.pe/falabella-pe/product/883224218/Polo-Nina-Manga-Corta-Doo-Australia/883224226,3.6667,3
https://www.falabella.com.pe/falabella-pe/product/883173996/Calzon-De-Bikini-Mujer-Basement/883174000,4.7778,9
https://www.falabella.com.pe/falabella-pe/product/883157761/Plato-Fondo-Hamptons-Melamine-28cm-Blanco-Basement-Home/883157761,0.0,0
https://www.falabella.com.pe/falabella-pe/product/883173544/Salida-De-Bano-Mujer-Sybilla/883173550,4.3333,3
https://www.falabella.com.pe/falabella-pe/product/883231749/Traje-De-Bano-Nino-Yamp/883231751,0.0,0
https://www.falabella.com.pe/falabella-pe/product/883234922/Traje-De-Bano-Bebe-Nino-Yamp/883234927,5.0,1
https://www.falabella.com.pe/falabella-pe/product/883236094/Piscina-Power-Steel-732x366x132cm/883236094,0.0,0
https://www.falabella.com.pe/falabella-pe/product/882948635/Pisc-Pro-Max-Pow-Ste-4.27m-X-1.07m/882948635,5.0,1
https://www.falabella.com.pe/falabella-pe/product/20697613/Sandalias-Mujer-Reef-Morado/20697616,1.0,1
https://www.falabella.com.pe/falabella-pe/product/20697920/Sandalias-Hombre-Havaianas-Beige/20697922,0.0,0
https://www.falabella.com.pe/falabella-pe/product/883173770/Calzon-De-Bikini-Mujer-Sybilla/883173810,5.0,1
https://www.falabella.com.pe/falabella-pe/product/883163296/Bikini-Mujer-University-Club/883163299,4.6667,3
https://www.falabella.com.pe/falabella-pe/product/882865828/Plato-Limon-Basement-Home/882865828,3.0,3
https://www.falabella.com.pe/falabella-pe/product/883157808/Plato-Pez-Hamptons-Melamine-24cm-Basement-Home/883157808,0.0,0
https://www.falabella.com.pe/falabella-pe/product/883215190/Lentes-De-Sol-Doo-Australia-Negros-Clasicos/883215193,4.0,5
https://www.falabella.com.pe/falabella-pe/product/883157825/Fuente-Redonda-Lucia-Melamine-34cm-Mica/883157825,0.0,0
https://www.falabella.com.pe/falabella-pe/product/883219924/Hawaianas-Mujer-Sybilla-Adedy2-/883219932,4.3846,13
https://www.falabella.com.pe/falabella-pe/product/883173486/Bikini-Mujer-Sybilla/883173488,3.0,2
https://www.falabella.com.pe/falabella-pe/product/882873439/Sandalias-Mujer-Beslide-Sybilla-Negro/882873445,4.6792,53
https://www.falabella.com.pe/falabella-pe/product/883235180/Traje-De-Bano-Bebe-Nina-Yamp/883235184,5.0,2
https://www.falabella.com.pe/falabella-pe/product/882514852/Jarra-Acrilico-Lisboa/882514852,4.0,1
https://www.falabella.com.pe/falabella-pe/product/883157773/Hielera-Kennedy-Basic-Mica/883157773,0.0,0
https://www.falabella.com.pe/falabella-pe/product/882131753/Piscina-Pro-C-vista-5.49x2.74m/882131753,5.0,4
https://www.falabella.com.pe/falabella-pe/product/882131765/Piscina-Pro-Oval-6.10x3.66m/882131765,0.0,0
https://www.falabella.com.pe/falabella-pe/product/882520510/Piscina-Estructural-Bestway-300x201x66-Cm/882520510,4.6154,234
https://www.falabella.com.pe/falabella-pe/product/883224557/Traje-de-Bano-2-Piezas-Nina-Yamp/883224565,5.0,1
https://www.falabella.com.pe/falabella-pe/product/883174039/Top-De-Bikini-Mujer-Basement/883174041,4.9167,12
https://www.falabella.com.pe/falabella-pe/product/883173331/Top-De-Bikini-Mujer-Sybilla/883173371,5.0,3
https://www.falabella.com.pe/falabella-pe/product/883226149/Ropa-de-Bano-Nino-Coniglio/883226171,3.0,2
https://www.falabella.com.pe/falabella-pe/product/881555431/Fuente-Zanahoria-Basement-Home/881555431,4.6667,3
https://www.falabella.com.pe/falabella-pe/product/883157795/Fuente-Aperitivo-Estrella-de-Mar-Melamine-34cm-Basement-Home/883157795,5.0,1
https://www.falabella.com.pe/falabella-pe/product/883157751/Plato-Ensalada-Melamine-Blanco-22.5cm-Basement-Home/883157751,0.0,0
https://www.falabella.com.pe/falabella-pe/product/883157635/Plato-Fondo-Lucia-Melamine-28cm-Amarillo-Mica/883157635,0.0,0
https://www.falabella.com.pe/falabella-pe/product/883173734/Top-De-Bikini-Mujer-Sybilla/883173769,3.6667,3
https://www.falabella.com.pe/falabella-pe/product/882865871/Bandeja-Limones-48cm-Basement-Home/882865871,4.5,2
https://www.falabella.com.pe/falabella-pe/product/883157685/Fuente-Pez-41cm-Melamine-Basement-Home/883157685,0.0,0
https://www.falabella.com.pe/falabella-pe/product/19435629/Protector-Solar-Super-Defense-City-Block-SPF50-40ml/19435629,0.0,0
https://www.falabella.com.pe/falabella-pe/product/883212053/Salida-De-Bano-Stefano-Cocci/883212056,0.0,0
https://www.falabella.com.pe/falabella-pe/product/883157795/Fuente-Aperitivo-Estrella-de-Mar-Melamine-34cm-Basement-Home/883157795,5.0,1
https://www.falabella.com.pe/falabella-pe/product/883157807/Plato-Fondo-Hamptons-Melamine-28cm-Turquesa-Basement-Home/883157807,0.0,0
https://www.falabella.com.pe/falabella-pe/product/883173942/Top-De-Bikini-Mujer-Sybilla/883173959,5.0,1
https://www.falabella.com.pe/falabella-pe/product/883223337/Traje-De-Bano-Nina-Gabbys-Dollhouse/883223340,0.0,0
https://www.falabella.com.pe/falabella-pe/product/883210690/Hawaianas-Mujer-Sybilla-slide3/883210692,4.8276,29
https://www.falabella.com.pe/falabella-pe/product/883173734/Top-De-Bikini-Mujer-Sybilla/883173736,3.6667,3
https://www.falabella.com.pe/falabella-pe/product/883157826/Fuente-Shell-Hamptons-Melamine-33cm-Basement-Home/883157826,5.0,1
https://www.falabella.com.pe/falabella-pe/product/883236076/Funspeakers-Space-Ship-Baby-Boat/883236076,0.0,0
https://www.falabella.com.pe/falabella-pe/product/19108647/Uriage-Bariesun-Fluido-Mat-SPF50+-50ml-Bloqueador-solar-facial-para-pieles-mixtas-a-grasas/19108647,4.25,4
https://www.falabella.com.pe/falabella-pe/product/883236431/Sandalias-Doo-Australia-Hombre-Negras-Con-Diseno-Tropical/883236433,5.0,1
https://www.falabella.com.pe/falabella-pe/product/882873439/Sandalias-Mujer-Beslide-Sybilla-Negro/882873441,4.6792,53
https://www.falabella.com.pe/falabella-pe/product/883211254/Hawaianas-Sybilla-Con-Hebilla-Para-Mujer/883211257,4.1364,22
https://www.falabella.com.pe/falabella-pe/product/20138592/Ropa-De-Bano-3-Piezas-Nina-Carters/20138595,0.0,0
https://www.falabella.com.pe/falabella-pe/product/883157808/Plato-Pez-Hamptons-Melamine-24cm-Basement-Home/883157808,0.0,0
https://www.falabella.com.pe/falabella-pe/product/883157825/Fuente-Redonda-Lucia-Melamine-34cm-Mica/883157825,0.0,0
https://www.falabella.com.pe/falabella-pe/product/883235180/Traje-De-Bano-Bebe-Nina-Yamp/883235184,5.0,2
https://www.falabella.com.pe/falabella-pe/product/883163296/Bikini-Mujer-University-Club/883163298,4.6667,3
https://www.falabella.com.pe/falabella-pe/product/883215223/Lentes-De-Sol-Sybilla/883215224,5.0,1
https://www.falabella.com.pe/falabella-pe/product/883215199/Lentes-De-Sol-Sybilla/883215200,4.6667,3
https://www.falabella.com.pe/falabella-pe/product/19564532/Uriage-Bariesun-Leche-de-Ninos-SPF50+-50ml-Bloqueador-solar-para-ninos/19564532,5.0,1
https://www.falabella.com.pe/falabella-pe/product/881555306/Fuente-Tomate-Basement-Home/881555306,5.0,1
https://www.falabella.com.pe/falabella-pe/product/883174288/Bikini-Mujer-Doo-Australia/883174293,5.0,5
https://www.falabella.com.pe/falabella-pe/product/882514954/Copa-Lisboa-Verde-Basement-Home/882514954,5.0,1
https://www.falabella.com.pe/falabella-pe/product/883223494/Traje-De-Bano-Nina-Yamp/883223502,5.0,1
https://www.falabella.com.pe/falabella-pe/product/20733296/Sandalias-Hombre-Tides-2.0-Classic-Blue/20733301,0.0,0
https://www.falabella.com.pe/falabella-pe/product/882865875/Copa-Helado-Lisboa-Clear-Basement-Home/882865875,4.6667,3
https://www.falabella.com.pe/falabella-pe/product/20733308/Sandalias-Hombre-Tides-2.0-Print-Brown/20733312,0.0,0
https://www.falabella.com.pe/falabella-pe/product/883236463/Sandalias-Hombre-Doo-Australia-Fliparty/883236465,5.0,2
https://www.falabella.com.pe/falabella-pe/product/883219924/Hawaianas-Mujer-Sybilla-Adedy2-/883219932,4.3846,13
https://www.falabella.com.pe/falabella-pe/product/883236471/Sandalias-Doo-Australia-Hombre-Negras-Con-Diseno-Tropical/883236476,5.0,2
https://www.falabella.com.pe/falabella-pe/product/883210809/Hawaianas-Sybilla-Mujer-De-Dos-Tiras/883210815,4.0,3
https://www.falabella.com.pe/falabella-pe/product/883157688/Fuente-Rectangular-Melamine-Lucia-34cm-Turquesa-Mica/883157688,5.0,1
https://www.falabella.com.pe/falabella-pe/product/882865828/Plato-Limon-Basement-Home/882865828,3.0,3
https://www.falabella.com.pe/falabella-pe/product/883211860/Sombrero-Basement-Multicolor-Para-Mujer/883211861,0.0,0
https://www.falabella.com.pe/falabella-pe/product/881871053/Bandeja-Melamina-Verduras-40x14-cm/881871053,5.0,3
https://www.falabella.com.pe/falabella-pe/product/883222650/Traje-De-Bano-Bebe-Nino-Yamp/883222657,5.0,2
https://www.falabella.com.pe/falabella-pe/product/883157737/Jarra-Lisboa-Clear-Basement-Home/883157737,0.0,0
https://www.falabella.com.pe/falabella-pe/product/883236391/Sandalias-Doo-Australia-Azul-Para-Hombre/883236395,4.75,4
https://www.falabella.com.pe/falabella-pe/product/883173486/Bikini-Mujer-Sybilla/883173488,3.0,2
https://www.falabella.com.pe/falabella-pe/product/883157697/Jarra-Lisboa-Azul-Basement-Home/883157697,5.0,1
https://www.falabella.com.pe/falabella-pe/product/883174082/Bikini-Mujer-Basement/883174083,4.8571,7
https://www.falabella.com.pe/falabella-pe/product/883215197/Lentes-De-Sol-Basement/883215198,5.0,1
https://www.falabella.com.pe/falabella-pe/product/883174335/Ropa-De-Bano-Mujer-Doo-Australia/883174338,5.0,1
https://www.falabella.com.pe/falabella-pe/product/883157812/Plato-Ensalada-Melamine-Turquesa-22.5cm-Basement-Home/883157812,0.0,0
https://www.falabella.com.pe/falabella-pe/product/20462001/Sandalias-Mujer-Michael-Kors-Splash-Slide/20462005,0.0,0
https://www.falabella.com.pe/falabella-pe/product/20640639/Sandalias-Hombre-Rider-Blanco/20640644,5.0,1
https://www.falabella.com.pe/falabella-pe/product/20733266/Sandalias-Hombre-All-Day-2.0-Lx-Brown/20733269,5.0,1
https://www.falabella.com.pe/falabella-pe/product/883236399/Sandalias-Doo-Australia-Negro-Para-Hombre/883236406,5.0,1
https://www.falabella.com.pe/falabella-pe/product/883237206/Sandalias-Mujer-Doo-Australia-Flipmu-Gris/883237211,0.0,0
https://www.falabella.com.pe/falabella-pe/product/883174270/Bikini-Mujer-Doo-Australia/883174274,0.0,0
https://www.falabella.com.pe/falabella-pe/product/20697541/Sandalias-Mujer-Reef-Negro/20697543,0.0,0
https://www.falabella.com.pe/falabella-pe/product/20733326/Sandalias-Hombre-Tides-2.0-Print-Black/20733328,0.0,0
https://www.falabella.com.pe/falabella-pe/product/16462214/Photoderm-Max-Fluide-Spf100-40ml.-Bioderma/16462214,4.8462,13
https://www.falabella.com.pe/falabella-pe/product/20733378/Sandalias-Mujer-Fiji-Blue/20733380,0.0,0
https://www.falabella.com.pe/falabella-pe/product/19416014/Photoderm-M-Spf50+-Claire/19416014,4.4,5
https://www.falabella.com.pe/falabella-pe/product/20640633/Sandalias-Hombre-Rider-Negro/20640634,0.0,0
https://www.falabella.com.pe/falabella-pe/product/20733358/Sandalias-Mujer-Fiji-Orange/20733360,0.0,0
https://www.falabella.com.pe/falabella-pe/product/20462217/Sandalias-Mujer-Michael-Kors-Zaza-Flip-Flop/20462223,5.0,1
https://www.falabella.com.pe/falabella-pe/product/20733343/Sandalias-Mujer-Ailani-Pink/20733346,0.0,0
https://www.falabella.com.pe/falabella-pe/product/20547097/Top-De-Bikini-Mujer-Womens-Secret/20547100,0.0,0
https://www.falabella.com.pe/falabella-pe/product/883174405/Bikini-Mujer-Denimlab/883174406,4.5,4
https://www.falabella.com.pe/falabella-pe/product/883174228/Bikini-Mujer-Doo-Australia/883174229,0.0,0
https://www.falabella.com.pe/falabella-pe/product/20697896/Sandalias-Mujer-Havaianas-Naranja/20697898,0.0,0
https://www.falabella.com.pe/falabella-pe/product/20547107/Top-De-Bikini-Mujer-Womens-Secret/20547109,0.0,0
https://www.falabella.com.pe/falabella-pe/product/19972672/Uv-Essentiel/19972672,0.0,0
https://www.falabella.com.pe/falabella-pe/product/20698038/Sandalias-Nina-Havaianas-Verde/20698039,0.0,0
https://www.falabella.com.pe/falabella-pe/product/20708848/Sandalia-Hava-W4135185-9196/20708852,0.0,0
https://www.falabella.com.pe/falabella-pe/product/20733290/Sandalias-Hombre-Tides-2.0-Black/20733292,0.0,0
https://www.falabella.com.pe/falabella-pe/product/20640609/Sandalias-Hombre-Rider-Negro/20640611,0.0,0
https://www.falabella.com.pe/falabella-pe/product/20462189/Sandalias-Mujer-Michael-Kors-Zaza-Flip-Flop/20462190,3.0,2
https://www.falabella.com.pe/falabella-pe/product/20547122/Top-De-Bikini-Mujer-Womens-Secret/20547126,0.0,0
https://www.falabella.com.pe/falabella-pe/product/20697876/Sandalias-Mujer-Havaianas-Gris/20697879,0.0,0
https://www.falabella.com.pe/falabella-pe/product/prod17670019/Vaso-alto-acrilico-Lisboa/882514900,4.5,2
https://www.falabella.com.pe/falabella-pe/product/883236431/Sandalias-Doo-Australia-Hombre-Negras-Con-Diseno-Tropical/883236434,5.0,1
https://www.falabella.com.pe/falabella-pe/product/883224658/Ropa-de-Bano-Nino-Avengers/883224664,5.0,1
https://www.falabella.com.pe/falabella-pe/product/18962451/ISDIN-Fotoprotector-Fusion-Water-Color-BRONZE-SPF50-50ML-Bloqueador-solar-facial-con-color-Oil-Control/18962451,4.7778,36
https://www.falabella.com.pe/falabella-pe/product/883210809/Hawaianas-Sybilla-Mujer-De-Dos-Tiras/883210815,4.0,3
https://www.falabella.com.pe/falabella-pe/product/883212053/Salida-De-Bano-Stefano-Cocci/883212056,0.0,0
https://www.falabella.com.pe/falabella-pe/product/883223494/Traje-De-Bano-Nina-Yamp/883223502,5.0,1
https://www.falabella.com.pe/falabella-pe/product/883210690/Hawaianas-Mujer-Sybilla-slide3/883210692,4.8276,29
https://www.falabella.com.pe/falabella-pe/product/883157807/Plato-Fondo-Hamptons-Melamine-28cm-Turquesa-Basement-Home/883157807,0.0,0
https://www.falabella.com.pe/falabella-pe/product/prod17480048/Toalla-de-Playa-Infantil-con-Capucha-60x120cm-Benetton/882887392,5.0,4
https://www.falabella.com.pe/falabella-pe/product/882865871/Bandeja-Limones-48cm-Basement-Home/882865871,4.5,2
https://www.falabella.com.pe/falabella-pe/product/17661660/Protector-Solar-Corporal-Anthelios-Spray-Invisible-FPS-50+-200ml/17661660,4.9362,282
https://www.falabella.com.pe/falabella-pe/product/883215210/Lentes-De-Sol-Basement-Carey-Con-Marco-Dorado/883215211,5.0,2
https://www.falabella.com.pe/falabella-pe/product/883223337/Traje-De-Bano-Nina-Gabbys-Dollhouse/883223340,0.0,0
https://www.falabella.com.pe/falabella-pe/product/883236463/Sandalias-Hombre-Doo-Australia-Fliparty/883236465,5.0,2
https://www.falabella.com.pe/falabella-pe/product/19108647/Uriage-Bariesun-Fluido-Mat-SPF50+-50ml-Bloqueador-solar-facial-para-pieles-mixtas-a-grasas/19108647,4.25,4
https://www.falabella.com.pe/falabella-pe/product/20640599/Sandalias-Hombre-Rider-Gris/20640601,0.0,0
https://www.falabella.com.pe/falabella-pe/product/20659597/Pareo-Basement/20659598,0.0,0
https://www.falabella.com.pe/falabella-pe/product/883215199/Lentes-De-Sol-Sybilla/883215200,4.6667,3
https://www.falabella.com.pe/falabella-pe/product/883174288/Bikini-Mujer-Doo-Australia/883174292,5.0,5
https://www.falabella.com.pe/falabella-pe/product/20697547/Sandalias-Mujer-Reef-Light-Azul/20697552,0.0,0
https://www.falabella.com.pe/falabella-pe/product/20272231/Uriage-Bebe-1era-Crema-Mineral-Spf50+-50ml-Proteccion-Solar-Muy-Alta-Para-Bebes/20272231,4.0,1
https://www.falabella.com.pe/falabella-pe/product/883208806/Bikini-Mujer-Doo-Australia/883208808,0.0,0
https://www.falabella.com.pe/falabella-pe/product/883237186/Sandalias-Mujer-Doo-Australia-Flipmu-Negro/883237188,4.0,3
https://www.falabella.com.pe/falabella-pe/product/19564559/Uriage-Bariesun-Aceite-Seco-Spf50+-50ml-Protege-La-Piel-E-Ilumina-El-Bronceado/19564559,0.0,0
https://www.falabella.com.pe/falabella-pe/product/16462219/Photoderm-M-Spf50+-40ml.-Bioderma/16462219,4.6667,3
https://www.falabella.com.pe/falabella-pe/product/20733272/Sandalias-Hombre-All-Day-2.0-Lx-Black/20733275,0.0,0
https://www.falabella.com.pe/falabella-pe/product/20698013/Sandalias-Nina-Havaianas-Rosado/20698017,0.0,0
https://www.falabella.com.pe/falabella-pe/product/20733326/Sandalias-Hombre-Tides-2.0-Print-Black/20733329,0.0,0
https://www.falabella.com.pe/falabella-pe/product/883236399/Sandalias-Doo-Australia-Negro-Para-Hombre/883236403,5.0,1
https://www.falabella.com.pe/falabella-pe/product/20547082/Top-De-Bikini-Mujer-Womens-Secret/20547086,0.0,0
https://www.falabella.com.pe/falabella-pe/product/20546964/Calzon-De-Bikini-Mujer-Womens-Secret/20546965,0.0,0
https://www.falabella.com.pe/falabella-pe/product/883237052/Sandalias-Nina-Doo-Australia-Flipgirl/883237056,0.0,0
https://www.falabella.com.pe/falabella-pe/product/20733378/Sandalias-Mujer-Fiji-Blue/20733381,0.0,0
https://www.falabella.com.pe/falabella-pe/product/20547142/Top-De-Bikini-Mujer-Womens-Secret/20547145,0.0,0
https://www.falabella.com.pe/falabella-pe/product/20547052/Calzon-De-Bikini-Mujer-Womens-Secret/20547053,0.0,0
https://www.falabella.com.pe/falabella-pe/product/883163235/Bikini-Mujer-Denimlab/883163237,5.0,3
https://www.falabella.com.pe/falabella-pe/product/883163197/Bikini-Mujer-Denimlab/883163201,5.0,3
https://www.falabella.com.pe/falabella-pe/product/20547057/Top-De-Bikini-Mujer-Womens-Secret/20547058,0.0,0
https://www.falabella.com.pe/falabella-pe/product/20547167/Top-De-Bikini-Mujer-Womens-Secret/20547170,0.0,0
https://www.falabella.com.pe/falabella-pe/product/20654836/Fp-Isdin-Fw-Magic-Glow-Spf30/20654836,4.65,20
https://www.falabella.com.pe/falabella-pe/product/20546889/Ropa-De-Bano-Mujer-Womens-Secret/20546893,0.0,0
https://www.falabella.com.pe/falabella-pe/product/20733393/Sandalias-Mujer-Fiji-Light-Tan/20733396,0.0,0
https://www.falabella.com.pe/falabella-pe/product/20640615/Sandalias-Hombre-Rider-Gris/20640619,0.0,0
https://www.falabella.com.pe/falabella-pe/product/20640594/Sandalias-Hombre-Rider-Azul/20640597,0.0,0
https://www.falabella.com.pe/falabella-pe/product/883234692/Traje-De-Bano-Bebe-Nina-Yamp/883234699,0.0,0
https://www.falabella.com.pe/falabella-pe/product/20733332/Sandalias-Hombre-Tides-2.0-Print-Blac-1/20733333,0.0,0
https://www.falabella.com.pe/falabella-pe/product/20462314/Sandalias-Mujer-Michael-Kors-Jinx-Flip-Fl/20462316,0.0,0
https://www.falabella.com.pe/falabella-pe/product/20640604/Sandalias-Hombre-Rider-Celeste/20640608,5.0,1
https://www.falabella.com.pe/falabella-pe/product/20462001/Sandalias-Mujer-Michael-Kors-Splash-Slide/20462005,0.0,0
https://www.falabella.com.pe/falabella-pe/product/20733290/Sandalias-Hombre-Tides-2.0-Black/20733292,0.0,0
https://www.falabella.com.pe/falabella-pe/product/20640609/Sandalias-Hombre-Rider-Negro/20640611,0.0,0
https://www.falabella.com.pe/falabella-pe/product/20640633/Sandalias-Hombre-Rider-Negro/20640634,0.0,0
https://www.falabella.com.pe/falabella-pe/product/883174405/Bikini-Mujer-Denimlab/883174406,4.5,4
https://www.falabella.com.pe/falabella-pe/product/20733363/Sandalias-Mujer-Fiji-Black-1/20733364,5.0,1
https://www.falabella.com.pe/falabella-pe/product/20733398/Sandalias-Mujer-Fiji-Avocado/20733399,0.0,0
https://www.falabella.com.pe/falabella-pe/product/20547022/Calzon-De-Bikini-Mujer-Womens-Secret/20547023,0.0,0
https://www.falabella.com.pe/falabella-pe/product/20733373/Sandalias-Mujer-Fiji-Purple/20733376,0.0,0
https://www.falabella.com.pe/falabella-pe/product/20547067/Top-De-Bikini-Mujer-Womens-Secret/20547069,0.0,0
https://www.falabella.com.pe/falabella-pe/product/20547112/Top-De-Bikini-Mujer-Womens-Secret/20547113,0.0,0
https://www.falabella.com.pe/falabella-pe/product/20733403/Sandalias-Mujer-Fiji-Multi/20733405,0.0,0
https://www.falabella.com.pe/falabella-pe/product/20697948/Sandalias-Hombre-Havaianas-Negro/20697951,0.0,0
https://www.falabella.com.pe/falabella-pe/product/20546999/Calzon-De-Bikini-Mujer-Womens-Secret/20547003,0.0,0
https://www.falabella.com.pe/falabella-pe/product/20640589/Sandalias-Hombre-Rider-Azul/20640591,0.0,0
https://www.falabella.com.pe/falabella-pe/product/20733314/Sandalias-Hombre-Tides-2.0-Print-Grey/20733317,0.0,0
https://www.falabella.com.pe/falabella-pe/product/20176489/Esthederm-Fotoprotector-Photo-Reverse-Aclarante-Antimanchas-50ml/20176489,0.0,0
https://www.falabella.com.pe/falabella-pe/product/20547072/Top-De-Bikini-Mujer-Womens-Secret/20547073,0.0,0
https://www.falabella.com.pe/falabella-pe/product/20697541/Sandalias-Mujer-Reef-Negro/20697544,0.0,0
https://www.falabella.com.pe/falabella-pe/product/20697547/Sandalias-Mujer-Reef-Light-Azul/20697552,0.0,0
https://www.falabella.com.pe/falabella-pe/product/20272231/Uriage-Bebe-1era-Crema-Mineral-Spf50+-50ml-Proteccion-Solar-Muy-Alta-Para-Bebes/20272231,4.0,1
https://www.falabella.com.pe/falabella-pe/product/19564559/Uriage-Bariesun-Aceite-Seco-Spf50+-50ml-Protege-La-Piel-E-Ilumina-El-Bronceado/19564559,0.0,0
https://www.falabella.com.pe/falabella-pe/product/883234692/Traje-De-Bano-Bebe-Nina-Yamp/883234699,0.0,0
https://www.falabella.com.pe/falabella-pe/product/883231610/Juguete-Set-Balde-Playa-Castillo/883231610,5.0,1
https://www.falabella.com.pe/falabella-pe/product/883246988/Piscina-Arcoiris/883246988,0.0,0
https://www.falabella.com.pe/falabella-pe/product/882108879/Bowl-Helados-Kennedy-Basic-Mica/882108879,0.0,0
https://www.falabella.com.pe/falabella-pe/product/19108648/Uriage-Bariesun-Fluido-Ultra-ligero-SPF50+-30ml-Bloqueador-solar-facial-para-pieles-sensibles/19108648,4.0,9
https://www.falabella.com.pe/falabella-pe/product/883163286/Bikini-Mujer-Basement/883163288,0.0,0
https://www.falabella.com.pe/falabella-pe/product/19980252/Advanced-Day-Ultimate-Protect-Spf50+-(50ml)/19980252,5.0,1
https://www.falabella.com.pe/falabella-pe/product/883237206/Sandalias-Mujer-Doo-Australia-Flipmu-Gris/883237211,0.0,0
https://www.falabella.com.pe/falabella-pe/product/20547082/Top-De-Bikini-Mujer-Womens-Secret/20547083,0.0,0
https://www.falabella.com.pe/falabella-pe/product/20733343/Sandalias-Mujer-Ailani-Pink/20733344,0.0,0
https://www.falabella.com.pe/falabella-pe/product/883174405/Bikini-Mujer-Denimlab/883174406,4.5,4
https://www.falabella.com.pe/falabella-pe/product/20708855/Sandalia-Hava-W4123328-2630/20708858,0.0,0
https://www.falabella.com.pe/falabella-pe/product/20733326/Sandalias-Hombre-Tides-2.0-Print-Black/20733328,0.0,0
https://www.falabella.com.pe/falabella-pe/product/883237036/Sandalias-Nina-Doo-Australia-Flipgirl-Blanco/883237040,3.5,2
https://www.falabella.com.pe/falabella-pe/product/18293825/Photoderm-Nude-Touch-50+-Doree-40Ml/18293825,4.3333,3
https://www.falabella.com.pe/falabella-pe/product/17053697/Fotop-Isdin-Ped-Lotion-Spray-50/17053697,4.5,10
https://www.falabella.com.pe/falabella-pe/product/20734954/Sandalias-Para-Mujer-Havaianas-Slim-Square/20734956,0.0,0
https://www.falabella.com.pe/falabella-pe/product/20547067/Top-De-Bikini-Mujer-Womens-Secret/20547071,0.0,0
https://www.falabella.com.pe/falabella-pe/product/20547167/Top-De-Bikini-Mujer-Womens-Secret/20547170,0.0,0
https://www.falabella.com.pe/falabella-pe/product/20733378/Sandalias-Mujer-Fiji-Blue/20733381,0.0,0
https://www.falabella.com.pe/falabella-pe/product/20640639/Sandalias-Hombre-Rider-Blanco/20640640,5.0,1
https://www.falabella.com.pe/falabella-pe/product/883163265/Bikini-Mujer-Sybilla/883163270,5.0,2
https://www.falabella.com.pe/falabella-pe/product/20640569/Sandalias-Hombre-Rider-Celeste/20640571,0.0,0
https://www.falabella.com.pe/falabella-pe/product/20547162/Top-De-Bikini-Mujer-Womens-Secret/20547164,0.0,0
https://www.falabella.com.pe/falabella-pe/product/883236399/Sandalias-Doo-Australia-Negro-Para-Hombre/883236403,5.0,1
https://www.falabella.com.pe/falabella-pe/product/20654836/Fp-Isdin-Fw-Magic-Glow-Spf30/20654836,4.65,20
https://www.falabella.com.pe/falabella-pe/product/18705176/Body-Cream-SPF50+-150ml/18705176,0.0,0
https://www.falabella.com.pe/falabella-pe/product/883173379/Ropa-De-Bano-Mujer-Sybilla/883173384,4.5,2
https://www.falabella.com.pe/falabella-pe/product/17682327/Surface-Radiance-Cleanse/17682327,4.0,3
https://www.falabella.com.pe/falabella-pe/product/20547057/Top-De-Bikini-Mujer-Womens-Secret/20547058,0.0,0
https://www.falabella.com.pe/falabella-pe/product/20462217/Sandalias-Mujer-Michael-Kors-Zaza-Flip-Flop/20462222,5.0,1
https://www.falabella.com.pe/falabella-pe/product/20547107/Top-De-Bikini-Mujer-Womens-Secret/20547110,0.0,0
https://www.falabella.com.pe/falabella-pe/product/883163235/Bikini-Mujer-Denimlab/883163237,5.0,3
https://www.falabella.com.pe/falabella-pe/product/20733393/Sandalias-Mujer-Fiji-Light-Tan/20733396,0.0,0
https://www.falabella.com.pe/falabella-pe/product/20733272/Sandalias-Hombre-All-Day-2.0-Lx-Black/20733274,0.0,0
https://www.falabella.com.pe/falabella-pe/product/19421862/Protector-Solar-Perfectionist-Pro-Multi-Defense-Aqua-UV-Gel-SPF50-30ml/19421862,4.5,4
https://www.falabella.com.pe/falabella-pe/product/20697980/Sandalias-Hombre-Havaianas-Blanco/20697982,0.0,0
https://www.falabella.com.pe/falabella-pe/product/20697804/Sandalias-Mujer-Havaianas-Rosado/20697807,0.0,0
https://www.falabella.com.pe/falabella-pe/product/883236479/Sandalias-Hombre-Doo-Australia-Fliphom/883236485,5.0,1
https://www.falabella.com.pe/falabella-pe/product/20697892/Sandalias-Mujer-Havaianas-Marron/20697894,0.0,0
https://www.falabella.com.pe/falabella-pe/product/20547047/Calzon-De-Bikini-Mujer-Womens-Secret/20547050,0.0,0
https://www.falabella.com.pe/falabella-pe/product/20734950/Sandalias-Para-Mujer-Havaianas-Slim-Square/20734953,0.0,0
https://www.falabella.com.pe/falabella-pe/product/20698013/Sandalias-Nina-Havaianas-Rosado/20698017,0.0,0
https://www.falabella.com.pe/falabella-pe/product/20733248/Sandalias-Hombre-All-Day-2.0-Dark-Brown/20733249,5.0,1
https://www.falabella.com.pe/falabella-pe/product/883163161/Bikini-Mujer-Sybilla/883163165,5.0,1
https://www.falabella.com.pe/falabella-pe/product/883163197/Bikini-Mujer-Denimlab/883163201,5.0,3
https://www.falabella.com.pe/falabella-pe/product/20547077/Top-De-Bikini-Mujer-Womens-Secret/20547078,0.0,0
https://www.falabella.com.pe/falabella-pe/product/20733290/Sandalias-Hombre-Tides-2.0-Black/20733293,0.0,0
https://www.falabella.com.pe/falabella-pe/product/20733302/Sandalias-Hombre-Tides-2.0-Grey/20733303,1.0,1
https://www.falabella.com.pe/falabella-pe/product/18912950/Ultimate-Sun-Protection-Spray-SPF-50+-Sunscreen-150-ml/18912950,0.0,0
https://www.falabella.com.pe/falabella-pe/product/16434678/Protector-Solar-Anthelios-Leche-Bebe-FPS-50+-50ml/16434678,4.6757,37
https://www.falabella.com.pe/falabella-pe/product/20546969/Calzon-De-Bikini-Mujer-Womens-Secret/20546970,0.0,0
https://www.falabella.com.pe/falabella-pe/product/20547052/Calzon-De-Bikini-Mujer-Womens-Secret/20547053,0.0,0
https://www.falabella.com.pe/falabella-pe/product/20640604/Sandalias-Hombre-Rider-Celeste/20640607,5.0,1
https://www.falabella.com.pe/falabella-pe/product/20697976/Sandalias-Hombre-Havaianas-Negro/20697978,0.0,0
https://www.falabella.com.pe/falabella-pe/product/20546889/Ropa-De-Bano-Mujer-Womens-Secret/20546893,0.0,0
https://www.falabella.com.pe/falabella-pe/product/20546964/Calzon-De-Bikini-Mujer-Womens-Secret/20546965,0.0,0
https://www.falabella.com.pe/falabella-pe/product/883237052/Sandalias-Nina-Doo-Australia-Flipgirl/883237056,0.0,0
https://www.falabella.com.pe/falabella-pe/product/883157700/Vaso-Corto-Kennedy-Basic-Mica/883157700,0.0,0
https://www.falabella.com.pe/falabella-pe/product/20640609/Sandalias-Hombre-Rider-Negro/20640612,0.0,0
https://www.falabella.com.pe/falabella-pe/product/883173614/Bikini-Mujer-Sybilla/883173615,5.0,6
https://www.falabella.com.pe/falabella-pe/product/20697998/Sandalias-Nino-Havaianas-Rojo/20698001,0.0,0
https://www.falabella.com.pe/falabella-pe/product/20462189/Sandalias-Mujer-Michael-Kors-Zaza-Flip-Flop/20462195,3.0,2
https://www.falabella.com.pe/falabella-pe/product/20462210/Sandalias-Mujer-Michael-Kors-Zaza-Flip-Flop/20462215,5.0,1
https://www.falabella.com.pe/falabella-pe/product/20697924/Sandalias-Hombre-Havaianas-Light-Azul/20697925,5.0,1
https://www.falabella.com.pe/falabella-pe/product/883174258/Ropa-De-Bano-Mujer-Doo-Australia/883174260,5.0,1
https://www.falabella.com.pe/falabella-pe/product/20547137/Top-De-Bikini-Mujer-Womens-Secret/20547139,0.0,0
https://www.falabella.com.pe/falabella-pe/product/883157570/Copa-Lisboa-Azul-Basement-Home/883157570,0.0,0
https://www.falabella.com.pe/falabella-pe/product/883174375/Bikini-Mujer-Denimlab/883174377,5.0,1
https://www.falabella.com.pe/falabella-pe/product/883223665/Traje-de-Bano-UV-2-Piezas-Nina-Gabbys-Dollhouse/883223666,0.0,0
https://www.falabella.com.pe/falabella-pe/product/883236487/Sandalias-Doo-Australia-Hombre-Negras-Con-Tira-Tipo-Chancla/883236491,5.0,2
https://www.falabella.com.pe/falabella-pe/product/18074296/Luxe-Tanning-Mitt/18074296,0.0,0
https://www.falabella.com.pe/falabella-pe/product/20697896/Sandalias-Mujer-Havaianas-Naranja/20697899,0.0,0
https://www.falabella.com.pe/falabella-pe/product/20547027/Calzon-De-Bikini-Mujer-Womens-Secret/20547030,0.0,0
https://www.falabella.com.pe/falabella-pe/product/20697993/Sandalias-Nino-Havaianas-Blanco/20697994,0.0,0
https://www.falabella.com.pe/falabella-pe/product/883174282/Bikini-Mujer-Doo-Australia/883174285,0.0,0
https://www.falabella.com.pe/falabella-pe/product/20698038/Sandalias-Nina-Havaianas-Verde/20698040,0.0,0
https://www.falabella.com.pe/falabella-pe/product/20697844/Sandalias-Mujer-Havaianas-Gris/20697845,0.0,0
https://www.falabella.com.pe/falabella-pe/product/16462214/Photoderm-Max-Fluide-Spf100-40ml.-Bioderma/16462214,4.8462,13
https://www.falabella.com.pe/falabella-pe/product/20547132/Top-De-Bikini-Mujer-Womens-Secret/20547133,0.0,0
https://www.falabella.com.pe/falabella-pe/product/20547152/Top-De-Bikini-Mujer-Womens-Secret/20547153,0.0,0
https://www.falabella.com.pe/falabella-pe/product/882108922/Vaso-Kennedy-Basic-Mica/882108922,5.0,3
https://www.falabella.com.pe/falabella-pe/product/883173626/Ropa-De-Bano-Mujer-Sybilla/883173631,0.0,0
https://www.falabella.com.pe/falabella-pe/product/20697840/Sandalias-Mujer-Havaianas-Amarillo/20697843,5.0,1
https://www.falabella.com.pe/falabella-pe/product/883173468/Bikini-Mujer-Sybilla/883173469,5.0,4
https://www.falabella.com.pe/falabella-pe/product/19543930/Neutrogena-Sun-Fresh-Piel-Grasa-FPS-70/19543930,4.6512,43
https://www.falabella.com.pe/falabella-pe/product/883101893/Polo-UV-Nino-Pack-X2-Yamp/883101899,5.0,1
https://www.falabella.com.pe/falabella-pe/product/20547037/Calzon-De-Bikini-Mujer-Womens-Secret/20547038,0.0,0
https://www.falabella.com.pe/falabella-pe/product/20640589/Sandalias-Hombre-Rider-Azul/20640590,0.0,0
https://www.falabella.com.pe/falabella-pe/product/883157652/Vaso-Largo-Lisboa-Azul/883157652,0.0,0
https://www.falabella.com.pe/falabella-pe/product/20697940/Sandalias-Hombre-Havaianas-Rojo/20697943,0.0,0
https://www.falabella.com.pe/falabella-pe/product/20733314/Sandalias-Hombre-Tides-2.0-Print-Grey/20733315,0.0,0
https://www.falabella.com.pe/falabella-pe/product/20697948/Sandalias-Hombre-Havaianas-Negro/20697950,0.0,0
https://www.falabella.com.pe/falabella-pe/product/prod17670018/Vaso-bajo-acrilico-Lisboa/882185567,5.0,1
https://www.falabella.com.pe/falabella-pe/product/883163742/Ropa-De-Bano-Mujer-University-Club/883163746,4.6667,3
https://www.falabella.com.pe/falabella-pe/product/19416014/Photoderm-M-Spf50+-Claire/19416014,4.4,5
https://www.falabella.com.pe/falabella-pe/product/18514777/ISDIN-FotoUltra-Age-Repair-COLOR-SPF50-50ML-Bloqueador-solar-facial-con-color-y-antiedad/18514777,4.7826,138
https://www.falabella.com.pe/falabella-pe/product/883174228/Bikini-Mujer-Doo-Australia/883174229,0.0,0
https://www.falabella.com.pe/falabella-pe/product/20697896/Sandalias-Mujer-Havaianas-Naranja/20697898,0.0,0
https://www.falabella.com.pe/falabella-pe/product/883157560/Copa-Vino-Tinto-Kennedy-Basic-Mica/883157560,0.0,0
https://www.falabella.com.pe/falabella-pe/product/20547117/Top-De-Bikini-Mujer-Womens-Secret/20547120,0.0,0
https://www.falabella.com.pe/falabella-pe/product/20547067/Top-De-Bikini-Mujer-Womens-Secret/20547069,0.0,0
https://www.falabella.com.pe/falabella-pe/product/20640574/Sandalias-Hombre-Rider-Azul/20640576,0.0,0
https://www.falabella.com.pe/falabella-pe/product/20733428/Sandalias-Mujer-Ava-Black/20733431,0.0,0
https://www.falabella.com.pe/falabella-pe/product/883223179/Bikini-Pack-x2-Nina-Yamp/883223183,5.0,2
https://www.falabella.com.pe/falabella-pe/product/20547162/Top-De-Bikini-Mujer-Womens-Secret/20547164,0.0,0
https://www.falabella.com.pe/falabella-pe/product/18727573/Sun-Bum-Lip-Balm-SPF-30-Banana/18727573,4.0,1
https://www.falabella.com.pe/falabella-pe/product/20461994/Sandalias-Mujer-Michael-Kors-Splash-Slide/20461996,0.0,0
https://www.falabella.com.pe/falabella-pe/product/20547097/Top-De-Bikini-Mujer-Womens-Secret/20547100,0.0,0
https://www.falabella.com.pe/falabella-pe/product/20734954/Sandalias-Para-Mujer-Havaianas-Slim-Square/20734956,0.0,0
https://www.falabella.com.pe/falabella-pe/product/20546889/Ropa-De-Bano-Mujer-Womens-Secret/20546893,0.0,0
https://www.falabella.com.pe/falabella-pe/product/20546964/Calzon-De-Bikini-Mujer-Womens-Secret/20546965,0.0,0
https://www.falabella.com.pe/falabella-pe/product/18960894/Protector-Solar-Anti-arrugas-Anthelios-Age-Correct-con-Color-FPS-50-50ml/18960894,4.7531,81
https://www.falabella.com.pe/falabella-pe/product/883163161/Bikini-Mujer-Sybilla/883163165,5.0,1
https://www.falabella.com.pe/falabella-pe/product/20697892/Sandalias-Mujer-Havaianas-Marron/20697894,0.0,0
https://www.falabella.com.pe/falabella-pe/product/20640604/Sandalias-Hombre-Rider-Celeste/20640607,5.0,1
https://www.falabella.com.pe/falabella-pe/product/20697980/Sandalias-Hombre-Havaianas-Blanco/20697982,0.0,0
https://www.falabella.com.pe/falabella-pe/product/883173379/Ropa-De-Bano-Mujer-Sybilla/883173384,4.5,2
https://www.falabella.com.pe/falabella-pe/product/20547122/Top-De-Bikini-Mujer-Womens-Secret/20547126,0.0,0
https://www.falabella.com.pe/falabella-pe/product/883163075/Bikini-Mujer-Doo-Australia/883163076,0.0,0
https://www.falabella.com.pe/falabella-pe/product/16434669/Protector-Solar-Anthelios-Bruma-Rostro-FPS-50-75ml/16434669,4.4167,36
https://www.falabella.com.pe/falabella-pe/product/prod17670019/Vaso-alto-acrilico-Lisboa/882185568,4.5,2
https://www.falabella.com.pe/falabella-pe/product/20547167/Top-De-Bikini-Mujer-Womens-Secret/20547170,0.0,0
https://www.falabella.com.pe/falabella-pe/product/20654836/Fp-Isdin-Fw-Magic-Glow-Spf30/20654836,4.65,20
https://www.falabella.com.pe/falabella-pe/product/883237052/Sandalias-Nina-Doo-Australia-Flipgirl/883237056,0.0,0
https://www.falabella.com.pe/falabella-pe/product/20547027/Calzon-De-Bikini-Mujer-Womens-Secret/20547028,0.0,0
https://www.falabella.com.pe/falabella-pe/product/20697956/Sandalias-Hombre-Havaianas-Azul/20697958,0.0,0
https://www.falabella.com.pe/falabella-pe/product/20698013/Sandalias-Nina-Havaianas-Rosado/20698015,0.0,0
https://www.falabella.com.pe/falabella-pe/product/20697619/Sandalias-Mujer-Reef-Naranja/20697620,0.0,0
https://www.falabella.com.pe/falabella-pe/product/883231579/Juguete-Set-Balde-Playa-Sapo/883231579,0.0,0
https://www.falabella.com.pe/falabella-pe/product/20176489/Esthederm-Fotoprotector-Photo-Reverse-Aclarante-Antimanchas-50ml/20176489,0.0,0
https://www.falabella.com.pe/falabella-pe/product/883237076/Sandalias-Nino-Doo-Australia-Flipboy/883237079,4.0,1
https://www.falabella.com.pe/falabella-pe/product/883174507/Bikini-Mujer-Mossimo/883174512,4.0,3
https://www.falabella.com.pe/falabella-pe/product/20547157/Top-De-Bikini-Mujer-Womens-Secret/20547159,0.0,0
https://www.falabella.com.pe/falabella-pe/product/882108853/Copa-Champagne-Kennedy-Basic-Mica/882108853,3.0,1
https://www.falabella.com.pe/falabella-pe/product/18792193/Fotop-Isdin-MineSunBrush-SPF50+-2gr/18792193,4.5098,102
https://www.falabella.com.pe/falabella-pe/product/20697998/Sandalias-Nino-Havaianas-Rojo/20698002,0.0,0
https://www.falabella.com.pe/falabella-pe/product/17053706/ISDIN-Fotoprotector-Hydrooil-SPF50-200ML-Bloqueador-solar-corporal-bifasico/17053706,4.92,25
https://www.falabella.com.pe/falabella-pe/product/882185566/Copa-Lisboa-Basement-Home/882185566,5.0,1
https://www.falabella.com.pe/falabella-pe/product/20733363/Sandalias-Mujer-Fiji-Black-1/20733364,5.0,1
https://www.falabella.com.pe/falabella-pe/product/16434665/Protector-Solar-Anthelios-UVMune-400-Oil-Control-Toque-Seco-FPS-50+-50ml/16434665,4.7108,249
https://www.falabella.com.pe/falabella-pe/product/883174234/Bikini-Mujer-Doo-Australia/883174236,5.0,1
https://www.falabella.com.pe/falabella-pe/product/20462210/Sandalias-Mujer-Michael-Kors-Zaza-Flip-Flop/20462214,5.0,1
https://www.falabella.com.pe/falabella-pe/product/20510303/Genosun-Zero-Spf50-125-Ml/20510303,0.0,0
https://www.falabella.com.pe/falabella-pe/product/16462223/Photoderm-Nude-Touch-Spf50+-Claire-40ml.-Bioderma/16462223,4.6263,198
https://www.falabella.com.pe/falabella-pe/product/883163722/Bikini-Mujer-Basement/883163726,4.5,2
https://www.falabella.com.pe/falabella-pe/product/20547008/Calzon-De-Bikini-Mujer-Womens-Secret/20547009,0.0,0
https://www.falabella.com.pe/falabella-pe/product/20697993/Sandalias-Nino-Havaianas-Blanco/20697995,0.0,0
https://www.falabella.com.pe/falabella-pe/product/883157700/Vaso-Corto-Kennedy-Basic-Mica/883157700,0.0,0
https://www.falabella.com.pe/falabella-pe/product/883174375/Bikini-Mujer-Denimlab/883174377,5.0,1
https://www.falabella.com.pe/falabella-pe/product/20698028/Sandalias-Nina-Havaianas-Blanco/20698029,0.0,0
https://www.falabella.com.pe/falabella-pe/product/20733314/Sandalias-Hombre-Tides-2.0-Print-Grey/20733315,0.0,0
https://www.falabella.com.pe/falabella-pe/product/20546984/Calzon-De-Bikini-Mujer-Womens-Secret/20546988,0.0,0
https://www.falabella.com.pe/falabella-pe/product/20547027/Calzon-De-Bikini-Mujer-Womens-Secret/20547028,0.0,0
https://www.falabella.com.pe/falabella-pe/product/883208862/Lentes-De-Sol-Sybilla/883208863,0.0,0
https://www.falabella.com.pe/falabella-pe/product/20733363/Sandalias-Mujer-Fiji-Black-1/20733364,5.0,1
https://www.falabella.com.pe/falabella-pe/product/882108853/Copa-Champagne-Kennedy-Basic-Mica/882108853,3.0,1
https://www.falabella.com.pe/falabella-pe/product/883174507/Bikini-Mujer-Mossimo/883174512,4.0,3
https://www.falabella.com.pe/falabella-pe/product/883237028/Sandalias-Nina-Doo-Australia-Flipgirl3-Blanco/883237032,3.0,1
https://www.falabella.com.pe/falabella-pe/product/883173632/Ropa-De-Bano-Mujer-Sybilla/883173636,4.0,1
https://www.falabella.com.pe/falabella-pe/product/20697952/Sandalias-Hombre-Havaianas-Amarillo/20697953,0.0,0
https://www.falabella.com.pe/falabella-pe/product/20547137/Top-De-Bikini-Mujer-Womens-Secret/20547140,0.0,0
https://www.falabella.com.pe/falabella-pe/product/18074296/Luxe-Tanning-Mitt/18074296,0.0,0
https://www.falabella.com.pe/falabella-pe/product/883157570/Copa-Lisboa-Azul-Basement-Home/883157570,0.0,0
https://www.falabella.com.pe/falabella-pe/product/20697956/Sandalias-Hombre-Havaianas-Azul/20697958,0.0,0
https://www.falabella.com.pe/falabella-pe/product/883237076/Sandalias-Nino-Doo-Australia-Flipboy/883237079,4.0,1
https://www.falabella.com.pe/falabella-pe/product/883174282/Bikini-Mujer-Doo-Australia/883174285,0.0,0
https://www.falabella.com.pe/falabella-pe/product/20176489/Esthederm-Fotoprotector-Photo-Reverse-Aclarante-Antimanchas-50ml/20176489,0.0,0
https://www.falabella.com.pe/falabella-pe/product/19416017/Photoderm-Creme-Spf50-Claire-T40Ml/19416017,0.0,0
https://www.falabella.com.pe/falabella-pe/product/16462216/Photoderm-Max-Aqua-Fluide-Neutro-Spf50+-40ml.-Bioderma/16462216,4.4286,7
https://www.falabella.com.pe/falabella-pe/product/20051954/Fotoprotector-Ninos-Photoderm-Bioderma-Pediatrics-Spray-Spf50+/20051954,5.0,1
https://www.falabella.com.pe/falabella-pe/product/17343905/Flotador-Moscow-Mule-1.73-x-1.60m/17343905,0.0,0
https://www.falabella.com.pe/falabella-pe/product/17792307/Flotador-Bufalo-Bohemio-1.83M-Bestway/17792307,0.0,0
https://www.falabella.com.pe/falabella-pe/product/18223193/Flotador-Rostro-Mujer/18223193,0.0,0
https://www.falabella.com.pe/falabella-pe/product/18223192/Flotador-Rostro-Hombre/18223192,0.0,0
https://www.falabella.com.pe/falabella-pe/product/18562762/Flotador-Portavasos-Cactus-94x70cm/18562762,0.0,0
https://www.falabella.com.pe/falabella-pe/product/17343922/Piscina-Inflable-1.52-x-0.51m/17343922,0.0,0
https://www.falabella.com.pe/falabella-pe/product/16595904/Piscina-Inflable-Eliptica/16595904,0.0,0
https://www.falabella.com.pe/falabella-pe/product/17792301/Isla-Cobra-Dorada-1.80-M-Bestway/17792301,0.0,0
https://www.falabella.com.pe/falabella-pe/product/16735888/Piscina-Inflable-Interactiva-Playa-y-Sol/16735888,0.0,0
https://www.falabella.com.pe/falabella-pe/product/19263113/Isla-Elefante-Flirty-Fiesta-Bestway/19263113,0.0,0
https://www.falabella.com.pe/falabella-pe/product/17343866/Piscina-Estructural-Redonda-2.44-x-0.51m/17343866,5.0,8
https://www.falabella.com.pe/falabella-pe/product/19263132/Flotador-Para-Montar-Pepper-Bestway/19263132,0.0,0
https://www.falabella.com.pe/falabella-pe/product/17343938/Flotador-Pequeno-Pavo-Real-1.98-x-1.64m/17343938,0.0,0
https://www.falabella.com.pe/falabella-pe/product/17343889/Flotador-Pluma-1.89-x-0.79m/17343889,0.0,0
https://www.falabella.com.pe/falabella-pe/product/18562796/Flotador-Aro-Palmas-Tropicales-Rosado/18562796,0.0,0
https://www.falabella.com.pe/falabella-pe/product/18959035/Piscina-Estructural-Jacuzzi-Lay-Z-Spa-1.70m-Lucia/18959035,0.0,0
https://www.falabella.com.pe/falabella-pe/product/20510306/Genosun-Spray-Spf50-200-Ml/20510306,0.0,0
https://www.falabella.com.pe/falabella-pe/product/20510304/Genosun-Pigment-Repair-Spf50-50-Ml/20510304,0.0,0
https://www.falabella.com.pe/falabella-pe/product/20510307/Genosun-Family-Spf50-400-Ml/20510307,0.0,0
https://www.falabella.com.pe/falabella-pe/product/20510305/Genosum-Crema-Facial-Spf50-50-Ml/20510305,0.0,0
